{"cameraMode":{"drawMode":0,"name":"Shaded","section":"Shading Mode"},"sceneLighting":false,"audioPlay":false,"sceneViewState":{"m_AlwaysRefresh":false,"showFog":true,"showSkybox":false,"showFlares":true,"showImageEffects":true,"showParticleSystems":true,"showVisualEffectGraphs":true,"m_FxEnabled":true},"in2DMode":false,"pivot":{"x":0.6628427505493164,"y":-1.260689377784729,"z":4.680630683898926},"rotation":{"x":-0.13414423167705537,"y":-0.08076070994138718,"z":0.010968487709760666,"w":-0.9876160621643066},"size":3.6325297355651857,"orthographic":false}